word,count
a,1832
abandon,6
abandoned,1
abasement,1
abashed,1
abdomen,1
abiding,1
ability,1
abject,1
abjectness,1
able,2
aboard,1
about,117
above,26
abreast,1
abroad,1
abrupt,3
abruptly,7
abruptness,1
absence,1
absent,1
absolute,2
abstract,2
abysmal,1
abyss,2
accelerate,3
accent,2
accentuate,1
accept,14
access,2
accession,1
accident,1
acclaim,1
accompaniment,2
accompany,11
accomplish,9
accomplishment,1
accord,2
accordingly,5
account,4
accounting,1
accumulated,1
accurate,1
accustom,4
accustomed,1
ache,1
achieve,10
achievement,1
acknowledge,5
acknowledgment,2
acquaint,1
acquire,3
across,38
act,23
action,18
actual,1
actually,1
acute,1
adamantine,1
adapt,1
adaptable,1
add,6
added,2
addict,1
addition,3
address,1
adduce,1
adept,3
adhere,1
adjacent,2
adjust,10
adjustment,2
administer,10
admiration,2
admit,1
admonish,1
admonishment,1
adoration,1
advance,8
advantage,7
adventure,12
adventurer,2
adventurous,2
advertise,3
advertisement,1
advertising,1
advice,1
affair,7
affect,7
affection,7
affectionate,2
affirm,1
afflict,1
afford,3
afraid,13
afresh,2
after,104
afternoon,8
afterward,2
afterwards,1
again,113
against,64
age,5
agitate,4
agonise,1
agony,2
agree,8
agreein,3
agreement,1
ah,1
ahead,7
aid,4
ailin,1
aim,3
ain,22
aint,1
air,52
alacrity,1
alarm,5
alert,7
alertness,1
alfred,1
alice,2
alien,2
alight,1
alive,18
all,319
allay,1
allegiance,8
alley,3
allow,9
almighty,2
almost,20
alone,51
along,44
alongside,6
aloof,3
aloofness,1
aloud,2
already,24
also,38
altar,1
alter,1
alternately,1
altogether,3
always,63
ambition,2
ambitious,3
ambitiously,1
amenable,1
amend,1
amid,2
amidst,1
amity,1
ammunition,2
among,26
amongst,18
amount,2
amuse,1
amusement,1
an,226
anatomy,1
ancestor,3
ancestry,2
ancient,3
and,3004
angel,1
anger,16
angle,4
angrily,3
angry,18
anguish,2
animal,74
animals,12
announce,14
announcement,1
another,54
answer,26
antagonist,2
antecedent,1
antic,2
anticipate,2
anticipated,1
anticipation,4
antipathy,1
antithesis,1
antler,1
anxiety,4
anxious,6
anxiously,3
any,63
anybody,1
anything,22
anyway,3
anywhere,1
apace,1
apart,9
apathetically,1
apex,2
apologetic,1
appal,2
appalled,1
apparent,2
apparently,7
appear,14
appearance,11
appearing,1
appease,1
appetite,2
applaud,1
applause,2
application,1
apply,2
appoint,1
appraise,1
appreciate,2
appreciation,1
apprehend,2
apprehension,3
apprehensive,1
apprehensively,3
approach,27
approaching,1
approval,3
approvingly,1
appurtenance,1
april,2
arch,2
arched,1
arching,1
arctic,3
ardour,3
area,2
argue,1
arise,22
arm,22
armour,2
arose,3
around,58
arouse,11
arrange,1
arrangement,1
arrest,1
arrival,2
arrive,13
arrogance,1
arsenal,1
artic,1
ary,1
as,30
ascend,1
ascent,1
ascertain,1
ascertained,1
ashore,8
aside,3
ask,15
asleep,3
aspect,3
aspire,1
assail,1
assailant,1
assert,6
associate,2
association,1
assume,2
assure,3
assuring,1
astonish,1
astonished,3
astonishment,3
astound,2
at,502
ate,1
atmosphere,4
attach,3
attachment,1
attack,33
attain,3
attempt,15
attention,8
attitude,1
attract,6
attraction,2
attribute,1
audible,1
audience,2
auspiciously,1
authority,2
automatic,1
automatically,5
automobile,1
avaricious,1
avenge,1
average,6
averse,1
aversion,1
avoid,17
avoiding,1
await,3
awake,10
awaken,7
awakened,1
aware,7
away,166
awe,10
awful,1
awkward,6
awkwardness,1
awoke,2
awry,1
ax,1
axe,5
axiom,1
b,1
babble,1
baby,2
back,183
backbone,1
backer,2
backward,18
bad,23
badly,3
baffle,4
baffled,1
bag,8
baggage,2
bake,2
bale,1
ball,11
bandage,3
bandana,2
bane,1
bank,21
bankrupt,2
bantering,1
bar,7
barbed,1
bare,1
barely,5
bark,12
barn,1
barrier,1
base,11
baseek,11
basic,2
bass,1
bath,1
battle,22
battling,1
bay,1
be,2625
bean,2
bear,14
bearskin,1
beast,14
beasts,1
beat,16
beaten,1
beating,16
beautifully,1
beauty,86
beaver,119
because,25
become,74
bed,15
bedding,1
bedlam,2
befall,3
before,126
befuddle,1
beg,1
begin,83
beginner,1
beginnin,1
beginning,5
behave,3
behind,42
bein,2
being,2
belie,1
belief,1
believe,7
bell,1
belligerent,3
bellow,5
bellowing,2
belly,11
belong,10
below,5
ben,5
bench,2
bend,9
bending,1
beneath,8
benefit,1
bent,8
benumbed,1
bequeath,1
berry,1
beset,3
besetting,1
beside,8
besides,15
besiege,1
bespeak,1
best,12
bestial,1
bestow,2
bet,9
beth,4
bethink,1
betray,12
betrayed,1
between,62
bewilder,5
beyond,22
bicker,3
bickering,1
bid,1
bidding,1
big,13
bill,84
bind,5
birch,3
bird,9
birth,3
bit,15
bite,20
bitten,1
bitter,3
bitterly,2
bitterness,1
black,4
blackness,3
blame,6
blanket,14
blasphemy,1
blast,2
blasted,2
blaze,4
bleak,2
bleed,10
bleedin,1
bleeding,2
bless,3
blessed,2
blew,1
blind,6
blindly,3
blindness,1
blink,6
blissful,1
blister,1
blocked,1
blood,25
bloodhound,2
blossom,1
blow,34
blown,1
blue,7
bluff,4
blunder,4
blundering,1
board,2
boat,1
bodied,1
body,76
bold,3
bolder,3
boldest,1
boldly,5
bolt,1
bond,1
bondage,10
bone,14
bony,1
book,1
bore,6
bored,1
born,2
borne,2
borrow,1
bos,1
both,22
bother,6
botherin,3
bottle,4
bottom,5
bough,1
bounce,1
bound,14
bounding,4
boundless,1
bout,1
bow,2
box,9
boy,19
boyhood,1
brace,4
brain,13
branch,2
brand,11
brawny,1
bread,2
breadth,1
break,37
breakfast,8
breast,3
breath,12
breathe,6
breathin,1
breed,13
breeding,1
breeze,1
brew,1
bridge,1
brief,5
bright,6
brightly,1
brightness,1
bring,19
bringer,1
bristle,45
bristling,8
bristlings,1
bristly,1
broad,5
broke,1
broken,7
brood,2
brother,12
bruise,3
brush,5
brutal,1
brute,7
bubble,3
bud,1
bug,1
buggy,1
build,1
building,1
bulge,2
bulk,6
bull,18
bulldog,1
bullet,2
bully,5
bullying,1
bump,1
bunch,5
bunched,1
bundle,1
bunk,3
burden,7
burgeon,1
burn,10
burning,1
burnt,1
burrow,4
burst,14
bury,4
bush,12
bushwhack,1
bushwhacking,1
bushy,2
business,7
businesslike,1
bustle,1
busy,3
but,544
butch,1
butted,1
buttin,1
button,1
buy,1
buzz,2
by,332
bye,3
cabin,25
cable,1
cache,1
cage,6
caged,1
calamity,1
calculate,4
calculation,1
california,2
call,35
calm,1
calmly,6
calmness,2
camp,71
campfire,3
camping,1
can,23
candle,1
cannot,2
canoe,12
canvas,4
capable,5
capacity,3
captive,1
capture,2
car,9
carcase,1
care,6
careful,4
carefully,12
carefulness,2
careless,5
carelessly,1
carelessness,1
caress,16
caressing,2
cariboo,3
carnivorous,3
carpet,1
carriage,17
carry,19
cart,2
cartridge,6
case,3
cast,6
casually,1
cat,8
catastrophe,1
catch,26
catlike,1
caught,3
cause,12
caused,1
caution,7
cautious,7
cautiously,14
cave,34
cavernous,1
cavortin,1
cease,26
celestial,1
cell,4
censure,2
cent,3
centre,7
century,2
ceremony,1
certain,10
certainly,4
certainty,1
certitude,2
cessation,2
chain,11
chair,1
challenge,6
chamber,1
chance,32
change,20
changed,1
chaos,1
chap,1
chapter,50
character,2
characterise,2
charge,4
chart,1
chase,10
chastisement,1
chatter,3
cheapen,1
check,3
cheek,2
cheer,3
cheerfully,1
cheerless,2
cheery,1
chemically,1
chemistry,2
cherish,2
cherokee,32
chest,7
chew,5
chewing,1
chick,2
chicken,21
chicks,2
chide,2
chief,8
child,21
chill,1
chin,1
chip,3
choice,1
chop,8
chorus,3
chuckle,1
chummed,1
chunk,1
churn,1
cinnamon,2
circle,46
circlings,1
circuitous,1
circumference,1
circumstance,4
circus,1
citizen,1
city,5
civilisation,3
claim,1
claimant,1
clamber,1
clamour,5
clang,2
clanging,1
clank,1
clap,1
clara,3
clash,2
clashing,2
clasp,1
classifiable,1
classification,5
classify,2
claw,6
clawed,1
clay,13
clean,6
clear,21
clearly,1
clearness,1
clench,2
clenched,1
clever,1
click,1
cliff,1
climate,2
climb,4
cling,14
clink,1
clip,5
clock,8
clog,2
close,61
closely,9
closer,10
closing,1
cloth,2
clothes,3
cloud,2
clout,8
club,38
clubbing,1
clump,3
clumped,1
clumsily,2
clung,4
cluster,4
clutch,7
clutched,1
co,1
coal,6
coat,9
cock,5
code,2
coffee,8
coffin,3
cogitate,1
coiled,1
coin,1
cold,11
collapse,1
collar,2
college,1
collide,3
collie,21
colossal,6
colour,12
coma,1
combat,1
combatant,1
come,277
comer,1
comfort,4
comfortable,3
comin,1
coming,1
command,9
commensurate,1
comment,6
commingled,1
commiseratingly,1
commissioner,1
commit,3
committal,1
common,4
commonwealth,1
commotion,3
communicate,1
compact,3
companion,5
companionship,10
company,2
compare,6
compass,1
compel,19
compensation,1
complain,1
complete,6
completion,2
complex,2
complicated,1
comportment,1
compose,5
comprehendingly,1
comprehension,1
compromise,3
compulsion,1
comrade,6
conceal,2
concealment,1
conception,1
concern,6
concerned,1
conclude,3
conclusion,3
concrete,1
concur,1
condescend,1
condescension,2
condition,5
condone,1
conduces,1
conduct,5
confess,2
confidence,7
confident,2
confidentially,1
confidently,1
confine,2
confinement,1
confines,1
conflict,2
confront,1
confuse,1
confusion,4
connect,2
connection,2
conquer,1
conscience,1
conscious,8
consciously,1
consciousness,11
consent,1
consequence,3
consequent,1
consider,9
consideration,2
consist,1
consistence,1
conspicuously,1
conspiracy,1
constant,1
consternation,1
constitute,4
constitution,1
construction,1
contact,8
contain,3
contempt,2
contend,1
content,10
contented,3
contentedly,1
continually,6
continue,33
continued,1
continuous,3
continuously,2
contracting,1
contraction,2
contraption,1
contrary,4
contrast,1
contrive,1
control,5
conversation,2
convey,1
convict,1
conviction,1
convince,3
convulse,2
cook,5
cooking,5
cool,5
cooler,1
coolly,3
cope,1
corner,11
cornered,2
correct,1
correctly,3
correspond,1
correspondence,3
corresponding,1
correspondingly,1
cosey,1
cottontail,1
cough,2
could,144
couldn,6
counsel,2
count,10
counter,7
countless,2
country,10
county,1
couple,4
courage,3
course,14
court,2
covenant,7
cover,13
covering,1
covert,1
covetous,1
cow,2
coward,3
cowardly,4
cowards,1
cower,10
coy,1
coyly,2
coyness,1
crackerjack,1
crackle,2
craft,1
craftier,1
crafty,4
crash,3
crashing,2
crawl,29
crawling,1
crazy,1
creaking,1
create,3
creature,22
creatures,1
credit,2
creek,1
creep,4
creeping,1
crept,1
crescent,1
crest,1
crestfallen,1
crevice,1
cribbage,3
crime,7
cringe,3
cringing,3
cripple,1
criticism,1
critter,3
croak,1
croakin,2
crook,2
croon,6
crooning,2
croppings,1
cross,6
crossed,2
crouch,32
crouching,4
crowd,14
crowded,1
cruel,9
crueller,1
cruelty,2
crumble,1
crunch,2
crunching,1
crush,7
crust,1
cry,83
crystal,3
crystalline,1
crystallise,1
cub,90
cubhood,5
cuff,8
culminate,1
culminating,1
culmination,3
culprit,2
cultivate,1
cunning,13
cup,4
curdle,1
curdling,1
cure,2
curiosity,5
curious,9
curiously,5
curiousness,1
curl,3
curling,1
current,3
curse,3
curve,4
cushion,1
cuss,1
custom,7
customary,3
cut,22
cylinder,1
d,35
dam,2
damage,7
damn,9
dance,4
dancing,2
danged,1
danger,14
dangerous,2
dangers,1
dare,11
daring,3
dark,9
darken,1
darkness,22
darn,1
darned,1
dart,4
dash,3
dashing,1
dast,1
daunt,1
dawn,4
dawson,5
day,128
daylight,9
dazzle,1
dead,29
deadlier,1
deadly,9
deaf,1
deal,5
dealer,6
dear,2
death,20
debate,1
debt,3
december,1
decent,1
deceptive,1
deceptively,1
decide,6
decisively,2
deck,4
declare,4
decorous,1
decoy,1
decree,1
deed,2
deep,18
deeper,1
deeply,1
deer,1
defeat,3
defence,3
defend,11
defiance,2
defiant,3
defiantly,1
defile,1
deft,1
defy,5
degree,2
delay,5
delayed,1
deliberate,1
deliberately,4
deliberation,2
delicacy,1
delicate,2
delicately,2
delight,11
delighted,1
delightful,1
deliver,11
demand,15
demeanour,1
demon,4
demonstrative,3
denizen,1
dense,1
deny,9
denyin,1
depart,6
departure,1
depend,1
dependence,2
dependent,2
deportment,1
deposit,4
depress,2
depth,1
derisively,2
descend,16
descending,1
description,2
desert,7
deserted,1
deserve,1
desirable,1
desire,21
desired,2
desirefully,1
desirous,1
desist,1
desisting,1
desolation,2
despair,1
despairing,1
despatch,1
desperate,6
desperately,2
desperateness,1
despise,1
despite,2
despoil,1
destine,6
destiny,1
destroy,11
destruction,5
detail,1
deter,1
determination,1
determine,3
determinedly,2
develop,11
developed,1
development,9
devil,8
devilry,1
devise,1
devote,2
devour,11
dexterity,1
diagnosis,1
diagonally,1
diameter,1
dick,12
dictum,1
didn,9
die,29
difference,12
different,20
differentiate,2
differently,2
difficult,2
difficulty,2
dig,2
digest,2
digested,1
digestion,1
dignified,1
dignify,2
dignity,8
dilate,1
dim,11
diminish,1
din,1
ding,1
direct,4
direction,11
directly,7
directness,1
dirt,2
dirty,2
disagreeable,1
disagreement,1
disappear,21
disappearance,1
disappearing,1
disappoint,1
disappointment,1
disapproval,2
disastrously,1
disbelief,1
discard,1
discernible,1
discipline,4
disclose,1
discomfiture,1
discomfort,3
disconcert,2
discouraged,1
discover,18
discovery,2
disdain,3
disembowel,1
disgorge,1
disgrace,1
disgust,1
dish,3
dishevel,1
disincline,1
dislike,8
dislodge,1
dismantle,1
dismounting,1
disobedience,1
disobediently,1
disobey,1
disorder,1
dispassionately,1
dispel,1
disperse,1
display,6
displeasure,3
disport,1
dispose,1
disposed,1
disregard,1
disreputable,2
disrupted,1
dissatisfaction,1
dissipate,1
distance,31
distant,1
distantly,1
distasteful,1
distinct,1
distinction,1
distinctly,2
distort,3
distract,2
distribute,1
distribution,1
distrust,3
disturb,2
disturbed,1
ditch,1
diver,1
diversion,2
divert,2
divide,3
divine,1
dizzily,1
dizzy,2
do,298
doctor,2
dodge,5
dodging,2
dog,418
doglike,2
dogmatise,1
doin,1
doings,1
dollar,3
domain,6
domestic,2
domesticate,3
domesticated,2
dominant,3
dominate,2
dominion,1
don,25
dong,1
doom,2
door,28
doorway,3
dose,1
double,5
doubling,1
doubly,1
doubt,3
doubtful,1
dough,3
down,206
downright,1
downstairs,2
downstream,1
downward,4
doze,11
dozen,16
drag,24
draggle,2
draught,1
draw,34
drawing,1
drawl,1
drawn,2
dread,2
dreaded,1
dream,9
dreg,2
drenching,1
dress,1
drew,1
drift,2
drink,5
drinker,2
drip,2
drive,44
driven,1
driver,1
drool,1
drooling,1
droop,4
drop,13
drove,2
drown,1
drowse,2
drowsy,1
drudgery,1
drunken,1
dry,6
drying,1
dual,1
dubious,1
dubiously,1
duck,1
due,3
dull,2
dully,1
dumb,2
dumfounded,1
duration,1
during,11
dust,3
duty,6
dwell,1
dweller,2
dwindle,2
each,41
eager,10
eagerly,3
eagerness,6
eagle,5
ear,64
earlier,1
early,18
earn,1
earnestness,1
ears,4
earth,23
ease,3
easement,3
easily,7
east,1
easy,4
eat,70
eatable,1
eaten,4
eater,2
eating,3
eats,1
ebb,3
ebook,2
economise,1
ecstasy,1
eddy,1
edge,15
education,1
effect,16
efficacious,1
efficacy,1
efficiency,1
efficient,1
effort,22
effortless,3
effusively,1
eh,1
eight,3
either,16
eked,1
elaborate,1
elapse,2
elate,1
elation,1
elbow,1
elder,9
elect,3
electric,6
electrocute,1
element,2
elevate,1
elevation,1
else,9
elsewhere,2
elude,4
em,14
emanation,1
embrace,4
emerge,1
eminently,2
emit,3
emotion,1
employer,5
emptily,2
emptiness,1
empty,8
enable,4
encounter,20
encountered,1
encourage,3
encouragement,1
encyclopaedia,1
end,67
endear,1
endeavour,2
endless,5
endorsement,1
endurance,3
endure,13
enemy,21
energy,2
enfeeblement,1
enforce,3
enjoy,13
enjoyable,2
enjoyment,1
enmity,3
enormous,2
enough,22
enter,16
entertain,2
enthusiastic,1
enticingly,1
entirely,3
entrance,13
environment,9
episode,1
epitaph,4
epitomise,1
equal,4
equally,6
equilibrium,2
equip,1
equipage,1
equity,1
erase,1
ere,1
erect,5
err,1
erratic,1
error,1
erstwhile,2
escape,20
escaped,1
eskimo,1
especially,8
espy,1
essay,3
essence,1
essential,1
establish,1
established,1
estimate,1
eternity,1
evade,1
even,67
evening,1
event,5
eventually,1
ever,58
everlastingly,1
every,63
everybody,5
everything,3
everywhere,5
evidence,5
evidently,4
evil,8
evilly,1
evince,2
evolution,1
evolve,1
exact,1
exactly,2
exaltation,1
examine,2
exceed,2
except,7
exception,10
excess,1
exchange,2
excite,6
excited,3
excitement,5
exclaim,5
exclamation,4
execute,2
executor,1
exercise,1
exert,1
exertion,3
exhaust,1
exhausted,1
exhibit,2
exhibition,3
exigency,1
exist,10
existence,11
expand,3
expanse,1
expansion,1
expect,12
expectant,2
expectantly,1
expected,1
expedient,1
expedition,1
expense,2
experience,48
experiment,1
expert,2
explain,2
explode,2
explorer,1
explosion,1
expose,5
express,14
expressin,1
expression,18
expulsion,1
extend,5
extended,1
extension,1
extent,2
extra,1
extract,1
extravagant,1
extremely,1
extremity,1
extricate,1
exult,1
eye,157
eyebrow,1
eyed,2
eyelash,1
eyelid,2
fabric,2
face,70
facetious,2
fact,10
factor,3
faculty,1
fade,7
fading,1
faggot,1
fail,11
failure,2
faint,12
fair,4
fairer,1
fairly,3
faith,4
faithful,2
faithfulness,3
fall,21
false,1
familiar,6
familiarity,3
family,11
familyarity,1
famine,19
famished,1
fan,5
fancied,1
fancy,2
fang,644
fanged,1
fantastic,1
far,43
fare,1
farm,1
farmer,1
faro,6
farther,1
farthest,1
fascinate,1
fascination,1
fashion,10
fast,11
fasten,9
faster,8
fat,4
fatal,2
fate,1
father,28
fatherhood,1
fatigue,2
fatty,5
fault,2
favour,9
favourite,3
fealty,4
fear,76
fearful,4
fearfully,1
fearless,2
fearlessly,1
fearlessness,1
feather,1
feathered,1
feature,1
fee,1
feeble,2
feebly,1
feed,7
feedin,5
feel,15
feelin,2
feeling,21
feign,1
fell,14
fellow,12
felt,32
female,7
fence,3
ferocious,21
ferociously,4
ferocity,7
fervent,1
fervid,1
festering,1
fetch,2
feud,2
fevered,1
few,26
fibre,5
fibred,1
fidelity,1
field,8
fiend,3
fierce,10
fiercely,8
fierceness,7
fiercer,1
fiery,1
fifteen,3
fifty,11
fight,98
fighter,2
fightin,1
fighting,8
figure,2
file,1
fill,6
final,7
finally,9
find,62
fine,2
finger,15
finish,10
finishing,1
finite,1
fire,75
firearm,2
firebrand,1
firelight,6
firewood,3
firm,3
firmly,1
first,103
fish,19
fissure,1
fist,5
fit,4
fitful,1
five,13
fix,5
fixed,1
fizzle,1
flabby,1
flag,1
flame,15
flaming,1
flank,4
flannel,1
flash,19
flatten,7
flattening,1
flee,23
fleeing,2
fleeting,1
flesh,31
flick,3
flicker,2
flickering,1
flight,6
flinch,1
fling,9
flirt,1
flit,1
float,1
flock,1
flood,3
floor,7
flounder,1
flourish,1
flow,4
flower,2
fluid,1
flung,8
flurry,1
flush,1
flutter,6
fluttering,1
fly,14
focus,1
foe,7
fold,4
follow,45
followin,1
fomenter,1
fond,2
fondle,1
food,26
fool,9
fooling,1
foolish,1
foolishly,1
foot,113
footing,5
footprint,3
footstep,2
for,450
forage,6
foray,1
forbear,1
forbid,1
forbidding,1
force,10
forcibly,2
ford,1
fore,9
forearm,1
foreboding,1
foredoom,1
forefront,1
forego,4
forehead,1
foreran,1
forerunner,1
foreseeing,1
forest,19
forfeit,1
forget,28
forgetful,1
forgive,1
forgotten,5
fork,10
forlorn,2
forlornly,2
form,21
formality,1
formation,6
formerly,2
formidable,4
formless,1
formulate,1
forsake,2
forsook,1
forsooth,3
fort,23
forth,14
forthright,1
fortune,1
forty,4
forward,29
fought,4
foul,1
found,1
fount,2
four,14
fowl,1
fraction,2
fragile,2
fragrance,1
frail,2
frame,5
francisco,4
frankly,2
frantic,6
frantically,2
fraternise,1
fraught,2
freak,1
free,14
freedom,7
freely,1
freeze,4
frenzied,1
frenzy,2
frequency,1
fresh,15
friend,4
friendliness,2
friendly,2
friendship,2
fright,15
frighten,6
frightened,5
frightful,1
fringe,1
frisk,1
frog,4
from,302
front,21
frost,8
frosty,2
frown,1
froze,1
frozen,13
fry,1
fuel,2
full,33
fully,4
fun,5
funeral,3
fur,15
furious,4
furiously,1
furniture,2
furred,1
furry,1
further,1
furthermore,9
furtive,1
fury,4
fusillade,1
futile,3
futilely,2
futility,2
future,1
gain,12
gaining,1
gait,4
gala,1
gamble,1
gambol,1
game,17
gang,12
gaping,1
garmenture,1
gash,2
gasp,2
gate,3
gateway,1
gather,7
gathering,1
gauge,1
gaunt,3
gaze,10
general,3
generalisation,3
generation,10
generous,4
genial,1
gentle,3
gentleness,4
gently,13
geographical,1
gesture,1
get,135
gettin,4
ghost,4
ghostly,1
gibber,1
girl,3
give,108
glad,8
glade,1
gladness,1
glance,8
glanced,1
glare,5
glass,1
glassy,1
glaze,1
gleam,7
gleaming,2
gleefully,1
glide,4
gliding,1
glimmer,1
glimpse,3
glint,2
gloat,2
gloomy,2
glove,1
glower,1
gluttony,1
gnaw,10
go,243
goal,1
god,199
godforsaken,1
godhead,3
godlike,2
goin,14
going,1
gold,8
golden,1
goo,1
good,48
goodness,1
gorge,2
gosh,4
gossamer,1
got,1
gouge,1
govern,1
governing,1
grace,1
gradual,1
grain,2
grandly,1
grape,1
grasp,3
grass,3
grate,2
grateful,2
gratify,2
grating,1
grave,2
gravel,3
gravely,5
grease,1
great,85
greatly,3
greed,1
greediness,1
greedy,1
green,1
greet,8
greeting,1
gregarious,1
grey,151
grief,8
grieve,1
grievous,2
grievously,1
grim,1
grimness,1
grip,34
gripping,1
grizzle,1
grizzled,2
groan,1
groom,7
ground,28
group,3
grovel,1
grow,61
growing,1
growl,69
growling,6
grown,16
growth,12
grub,3
gruff,1
grunt,14
guard,20
guardianship,1
guarding,2
guess,2
guessin,1
guffaw,1
guide,1
guilt,1
guiltless,1
guilty,3
guise,1
gun,6
gurgle,3
gustatory,1
gut,4
gutenberg,2
guttural,1
guy,1
gyration,1
habit,3
hadn,2
haggard,1
hair,35
half,51
halfway,1
hall,18
halt,6
ham,2
hand,142
handful,1
handiwork,1
handle,3
handsome,1
handy,3
hang,6
happen,46
happiness,2
happy,6
hard,21
harden,1
harder,1
hardly,1
harken,1
harm,7
harmless,1
harness,13
harry,1
harsh,6
harshly,2
harshness,1
hasn,2
haste,2
hasten,3
hastily,5
hasty,1
hat,18
hatch,1
hate,8
hated,1
hateful,1
hatred,9
haul,4
haunch,10
haunt,3
have,941
havoc,2
hawk,12
hay,1
hazard,1
he,2247
head,85
heal,1
health,2
heap,2
heaped,1
hear,33
heard,3
hearin,1
hearing,1
hearn,1
heart,12
hearted,1
heat,5
heaven,1
heavier,1
heavily,5
heaving,2
heavy,11
hector,1
heel,12
height,1
hell,10
hello,2
help,14
helpless,6
helplessly,1
helplessness,4
hem,1
hen,5
henceforth,1
henry,98
her,308
herd,2
here,61
hereditary,1
heredity,2
heritage,6
hero,1
heroic,2
hers,3
herself,4
hesitate,5
het,1
hi,1
hid,1
hidden,3
hide,11
hiding,2
high,14
hill,4
him,986
himself,141
hind,14
hint,7
hip,2
hire,1
his,1586
hiss,1
history,2
hit,3
hitching,1
hither,1
hitherto,1
hoarse,3
hoarsely,1
hoist,1
hold,60
holdin,1
hole,1
hollow,2
holster,1
holy,2
home,17
homesick,1
honest,2
honour,2
honourable,1
hoof,3
hoot,2
hop,1
hope,5
hopeless,5
hopelessly,2
horde,1
horizon,2
horn,1
horrible,2
horror,2
horse,10
horseback,1
hostile,14
hostility,3
hot,2
hound,8
hour,37
house,19
household,4
how,34
however,6
howl,13
howling,3
hubbub,2
huddle,3
hudson,1
hue,3
hued,1
huge,9
hugely,1
hum,2
human,11
humility,1
humour,1
hunch,1
hundred,10
hung,5
hunger,24
hungrily,1
hungry,22
hunky,1
hunkydory,2
hunt,24
hunter,5
hunting,7
hurl,7
hurling,1
hurriedly,3
hurt,61
hurtful,1
hurtfulness,1
hurtle,2
hush,1
husky,3
hustle,1
hysterically,1
i,188
ice,6
icy,2
idea,3
identify,2
idle,3
idly,1
if,46
ignominious,1
ignominiously,1
ignorant,1
ignore,14
ii,12
iii,12
ilk,1
ill,4
illusion,1
illustration,1
image,1
imitate,1
immeasurable,1
immediate,2
immediately,5
immediateness,1
immense,1
immensely,1
imminence,1
immobility,2
immoral,1
impact,3
impart,2
impatiently,1
impel,5
impend,5
impending,1
imperative,1
imperceptible,1
impetus,1
impinge,2
implacable,3
implies,1
importance,1
important,1
impose,1
impossible,2
impregnable,1
impress,6
impression,3
imprint,1
imprison,1
improve,1
impudently,1
impulse,14
impulsion,2
impunity,1
in,1214
inability,1
inaction,2
inarticulate,1
inch,6
incidentally,1
incite,1
inclination,1
include,2
incommunicable,3
incomprehensible,1
incomprehensibly,1
inconceivable,1
inconvenience,1
incorporate,1
incorrigible,2
increase,22
increased,1
incredibly,1
incredulously,2
incur,3
indecision,2
indeed,3
independence,1
indian,25
indians,1
indicate,5
indication,1
indignant,1
indignantly,1
indignation,4
indirect,1
indirection,1
individuality,1
indomitability,1
indomitable,8
indubitable,1
indubitably,1
induce,1
indulgently,1
inedible,1
ineffectual,1
inequality,4
ineradicably,1
inert,1
inertness,1
inevitable,3
inexhaustible,1
inexorable,1
infallibility,1
inferno,1
infinite,1
infinitely,2
infinitesimal,1
inflict,4
inflicting,1
influence,1
inform,1
information,1
infringe,1
inglorious,2
ingratiating,1
ingratiatingly,1
inherit,4
inheritance,1
inherited,2
inhospitable,1
injure,1
injury,2
injustice,5
inland,1
inner,2
innocent,1
innocently,1
innumerable,2
inoffensive,1
inquire,1
insane,1
insatiable,1
insecurely,1
inside,27
insidiously,1
insignificance,1
insist,3
insistent,8
insistently,1
inspect,4
inspire,4
instance,2
instant,19
instantly,2
instead,10
instinct,33
instinctive,5
instinctively,3
insult,1
intangible,2
intelligence,8
intelligent,3
intend,6
intensity,2
intent,7
intention,6
intently,4
intentness,2
inter,1
intercourse,3
interest,8
interested,3
interesting,1
interfere,1
interference,1
interior,1
interlace,1
interminably,2
intermittently,1
internal,1
interpose,1
interposed,1
interpret,1
interrupt,1
interrupted,1
interruption,1
interval,5
intervene,3
intimacy,1
intimidate,2
intimidating,2
into,215
intonation,2
intrepidity,1
intricacy,1
introduction,1
intruder,7
intrusion,1
invariably,5
inveigle,1
invert,1
invest,1
investigate,4
investigatin,1
investigation,1
invidious,1
invincible,1
invite,1
involuntarily,5
involuntary,3
inward,1
ip,1
irate,1
iron,8
ironlike,1
irregular,3
irresistible,2
irresponsibility,1
irretrievably,1
irritably,2
irritate,1
irritated,1
irritatingly,1
irritation,1
ishmaelite,1
isolation,3
it,1051
iteration,1
itself,42
iv,10
jack,1
jacket,1
jackrabbit,3
jam,3
jauntily,1
jaw,28
jealous,5
jealously,1
jealousy,1
jerk,4
jerky,1
jes,11
jim,16
jingle,1
join,12
joining,1
joint,1
jose,2
jostled,1
journey,9
journeyed,1
jowl,1
joy,5
joyfully,1
joyously,1
joyousness,1
jubilant,1
judge,31
judgin,1
judgment,5
jugular,1
juice,1
jump,4
junction,1
jungle,1
just,40
justice,8
justifiable,1
justified,1
justify,2
keen,3
keenan,8
keenly,1
keep,61
kept,1
ketch,2
key,4
keystone,1
ki,9
kiche,42
kick,9
kill,37
killer,6
killing,5
kin,1
kind,55
kindliness,1
kindly,7
kindness,6
king,1
kitten,5
klondike,5
kloo,8
knee,7
kneed,1
knew,1
knife,3
knock,8
knot,3
knotty,1
know,219
knowledge,10
kooch,8
labrador,1
lacerated,1
lack,2
lacked,1
lair,19
lake,3
lambast,1
lamp,2
lamplight,1
land,23
landing,1
landscape,4
language,2
languish,1
lapse,1
large,31
largely,1
lash,13
lashing,3
last,45
lasted,1
late,11
later,25
latitude,1
latter,8
laugh,31
laughed,1
laughing,1
laughter,16
launch,2
lavish,1
law,53
lawful,2
lawn,5
lay,60
lazily,1
lazy,3
lead,18
leader,26
leadership,1
leafage,1
lean,18
leap,55
leaped,1
leaping,1
learn,103
learning,2
learnt,1
least,8
leather,11
leave,57
leeward,1
left,11
leg,34
legacy,1
legged,12
leggedness,1
leghorn,1
legitimate,2
legs,3
lemme,1
lend,1
length,16
lengthen,2
less,21
lesson,14
let,24
letter,1
level,3
liability,1
liable,2
liberty,5
licence,1
lick,20
licked,1
lid,2
lie,34
life,139
lifeless,1
lift,19
lifted,1
light,51
lighten,1
lightly,2
lightnin,1
lightning,4
like,109
likelihood,1
likely,2
liken,2
likeness,1
likewise,13
limbed,1
limit,2
limitation,3
limp,9
limply,2
line,10
linger,3
lion,1
lip,122
liquid,1
listen,15
listening,1
lithe,1
litter,9
little,64
littleness,1
live,76
living,11
ll,52
load,5
loaf,1
loath,2
locality,2
locate,1
lock,4
locked,2
lodge,1
lofty,1
log,5
logic,1
loll,3
london,1
lone,5
loneliness,6
lonely,6
long,95
longer,18
longing,1
look,123
looked,1
lookin,1
lookout,1
loom,5
loose,16
loosen,4
lope,1
lord,7
lordship,4
lose,24
loss,2
lost,2
lot,5
loud,6
louder,3
loudly,5
love,55
lover,1
loving,2
low,20
lower,2
luck,3
luckier,1
lucky,2
luggage,3
lumber,1
lump,1
luncheon,1
lung,2
lunge,2
lure,4
lurk,11
lurked,1
lurking,3
lust,2
lying,1
lynx,35
m,51
mackenzie,18
mad,15
madden,2
maddened,1
madly,1
madness,3
magnificently,1
main,4
mainspring,1
maintain,5
major,4
make,180
maker,7
makin,1
making,8
malarial,1
male,5
malemutes,1
malevolently,1
malice,3
malignancy,1
malignant,5
malignantly,2
malignity,1
maltreat,2
man,170
manage,8
mandate,2
mane,4
mangle,1
mangling,2
manifest,4
manifestation,8
mankind,3
manner,16
manoeuvre,2
many,49
mar,3
marauder,4
marble,1
march,2
mark,10
marsh,1
marvel,3
marvellous,1
mary,1
masque,1
mass,4
massive,4
master,145
masterful,2
mastery,13
mastiff,5
mat,4
match,3
mate,22
materialistic,1
mating,1
matt,81
matter,17
maturity,1
maud,2
maul,3
maunder,1
may,7
mcgurry,6
me,36
meagre,2
meal,5
mean,14
meaning,7
meant,1
meantime,10
meanwhile,1
measure,3
measurement,2
meat,119
mebbe,2
mechanically,1
mechanism,2
meditate,1
meditatively,1
meekness,1
meet,23
melt,2
melting,3
member,6
membrane,1
memory,13
men,104
menace,12
menacing,6
menacingly,2
mental,9
merciless,7
mercy,1
mere,5
merely,17
merge,3
meridian,1
merit,1
meritorious,1
message,2
metallic,2
mete,1
method,13
mid,1
midday,3
middle,2
midmost,1
midnight,1
midst,13
midsummer,1
midway,2
might,58
mightily,1
mighty,3
mild,1
mildness,1
mile,10
militant,1
milk,5
mimic,1
mince,1
mincing,1
mind,26
mine,1
mingle,2
miniature,1
minin,2
minor,1
mint,1
minute,17
mirthless,1
mischief,1
miser,1
miserable,3
misery,4
misfortune,2
mishap,2
misjudgment,1
miss,12
missile,4
missin,2
mist,3
mistake,4
mistakin,1
mistrust,1
misty,1
misuse,1
mit,26
mitten,5
mix,3
mocassin,1
moccasin,4
moccasined,1
mockery,1
mode,3
model,1
modify,1
moist,1
moistness,1
molest,1
moment,72
momentary,1
momentum,4
money,12
monster,1
monstrosity,2
monstrous,5
month,13
moon,3
moonlight,2
moonlit,2
moose,17
moosehide,1
moralise,1
more,180
mornin,2
morning,17
morose,6
morosely,1
moroseness,1
morrow,2
mortgage,1
mosquito,3
moss,6
most,30
mote,1
moth,1
mother,92
motherhood,3
motion,3
motionless,3
motive,1
mould,12
moulded,1
moulding,1
mount,1
mountain,8
mounted,1
mounting,1
mourn,1
mourner,1
mournful,2
mouse,2
moustache,1
mouth,40
mouthful,4
move,40
movelessness,1
movement,50
mr,7
much,55
muddy,2
muffle,1
mug,1
multiplicity,1
multitude,3
mumble,3
mumbled,1
munch,2
munching,1
murderer,1
murmur,2
muscle,10
muscular,3
mush,1
musher,30
must,40
mustn,1
mutter,4
muttered,1
mutual,2
muzzle,14
my,19
myriad,3
myself,3
mysterious,7
mystery,3
n,5
nag,1
nail,2
naked,3
name,15
nameless,1
namely,1
nap,1
nape,1
narrate,1
narrow,11
natural,11
naturally,1
nature,39
natured,2
naturedly,3
naught,2
nay,2
near,40
nearer,2
nearly,6
nearness,1
necessary,7
necessity,3
neck,45
need,20
needle,3
needn,3
neighbour,1
neither,7
nerve,7
nervous,6
nest,2
neutrality,2
never,118
nevertheless,12
new,34
newcomer,9
newly,1
news,1
newspaper,3
next,24
nichols,1
niggardly,1
nigh,4
night,53
nightmare,5
nilly,1
nine,4
ninety,1
nip,4
no,241
nobody,1
nod,13
nodded,1
noise,25
noiseless,1
non,3
none,12
nonplus,1
nook,1
nope,2
nor,58
north,2
northern,2
northland,10
nose,47
nostril,5
not,438
notch,2
note,14
nothin,2
nothing,54
notice,15
nourish,1
now,125
nozzled,2
nudge,5
nudging,1
number,6
nurse,3
nursing,1
o,9
oak,1
oath,1
obedience,9
obedient,2
obediently,2
obey,18
obeyed,1
object,12
objected,1
objectify,1
objurgation,1
oblivious,2
oblong,4
obscure,1
observant,2
observation,1
observe,14
obstacle,1
obstruction,2
obtain,4
obvious,1
occasion,1
occasional,4
occasionally,1
occult,1
occultly,1
occupation,1
occupy,5
occupying,1
occur,4
occurred,2
odd,1
odds,1
of,2186
off,65
offen,2
offence,2
offended,1
offender,1
offending,1
offensive,1
offer,9
official,1
offs,1
oft,1
often,23
ofttimes,1
oh,7
ol,2
old,71
older,1
ominous,6
ominously,6
omit,1
on,479
once,47
oncoming,3
one,283
only,94
onslaught,1
onward,1
open,55
opening,5
openly,1
operate,2
operation,2
opinion,2
opportunity,10
oppose,3
opposite,3
oppress,5
optic,1
optimistic,1
or,103
oracularly,1
order,22
ordinarily,1
ordinary,3
ordination,1
organised,1
orientation,2
original,1
originally,1
ostentatious,1
other,151
others,6
otherwise,8
ought,3
oughter,1
ounce,1
our,5
ourn,1
out,246
outcast,4
outclass,1
outcome,1
outcry,9
outdistance,1
outer,1
outfit,6
outgrow,1
outgrown,1
outlet,2
outline,1
outlook,1
outlying,1
outrage,4
outraged,1
outrun,5
outside,22
outskirt,1
outward,2
outweigh,1
over,131
overguessed,1
overhang,2
overhaul,1
overlook,1
overlord,1
overmuch,1
overpower,1
overpowering,1
overstep,1
overt,1
overtake,1
overthrow,8
overthrown,4
overture,5
overturn,5
overturned,1
overwhelming,2
overzealous,1
owe,2
own,72
owner,4
pace,2
pack,77
packing,2
pad,3
paddle,3
pageant,1
pain,16
painful,9
painfully,2
painstaking,1
pair,10
pal,1
pale,3
pall,1
palmated,1
palpitant,2
pan,3
pang,1
panic,6
panicky,1
pant,3
panting,1
paper,1
papoose,1
paralyse,1
paralysis,1
parcel,1
parlance,1
parsimony,1
part,42
partaking,1
particular,8
particularly,2
partisan,1
partly,7
partner,8
partook,1
party,1
pass,35
passage,5
passion,3
passionate,1
past,19
pasture,6
pat,12
patch,1
path,1
patience,4
patient,3
patiently,1
patting,2
pause,19
pavement,1
paw,23
pay,9
payment,1
peace,4
peaceably,1
pebble,1
peck,5
peculiar,2
peculiarity,2
peculiarly,1
peer,6
peg,2
pen,10
penalise,1
pencil,1
pendulum,1
penetrate,1
people,3
per,3
perceive,2
perceptibly,1
peremptory,1
perfect,1
perfected,1
perfectly,1
perforce,2
perform,2
performance,3
perhaps,8
peril,3
perilous,2
period,6
perish,5
perjure,1
permeable,1
permission,1
permit,19
permitted,1
perpendicular,1
perpetrate,3
perpetration,1
perpetual,2
perpetually,5
perplex,1
perplexed,2
persecute,2
persecution,12
persecutor,1
persist,4
persistence,1
persistent,1
persistently,1
person,3
personal,2
personally,1
personification,1
persuade,2
perturb,2
perturbation,2
pervade,2
pesky,1
pest,1
pet,5
petrifaction,1
petrify,1
petting,2
petty,3
petulantly,1
philosophic,1
philosophically,1
physic,1
physical,6
physically,4
pick,12
picture,2
piece,17
pierce,3
pigeon,1
pigment,1
pile,4
pin,3
pinch,2
pine,10
pinhead,1
pipe,4
pit,3
pitch,9
pitiable,2
pitiless,1
pityingly,1
pivot,1
placate,3
placation,1
place,32
placid,1
placing,2
plague,1
plain,1
plainly,6
plaintive,1
plan,2
plank,5
planless,1
plant,4
plaster,2
plasticity,3
play,25
playful,5
playfully,3
playfulness,2
playing,1
plead,4
pleadingly,1
pleasant,2
please,4
pleased,5
pleasurable,1
pleasure,4
pleasuring,1
pledge,1
plenty,3
plight,1
plod,1
plodding,1
plough,1
plummet,2
plump,2
plunge,4
pocket,2
point,29
pointed,1
pointedly,1
poise,5
poison,1
poke,2
pole,3
police,5
policeman,1
policy,1
ponder,1
ponderous,1
pooh,1
poohed,1
pool,4
poor,5
population,1
populous,3
porch,8
porched,1
porcupine,19
portion,9
position,8
positiveness,1
possess,17
possession,14
possessive,1
possibility,4
possible,4
possibly,6
post,3
postponement,1
postscript,1
pot,6
potency,4
potent,2
potential,1
pottage,1
pounce,4
pound,7
pounding,1
powder,3
power,37
powerful,4
practically,2
practice,2
praise,2
praiseworthy,1
pre,2
precarious,1
precaution,2
precede,1
precipitate,1
precipitately,3
precipitous,1
precisely,1
predatory,1
predestine,1
prefer,1
preference,1
pregnant,1
preliminary,6
premature,1
premise,1
prepare,18
prepared,2
presence,10
present,5
preservation,1
press,15
pressing,1
pressingly,1
pressure,2
pretend,1
pretty,6
prevail,1
prevent,9
previous,3
previously,1
prey,5
preying,2
price,4
prick,3
pricked,1
pricking,2
prickly,1
pride,6
primacy,2
primeval,1
primordial,1
principle,2
prior,1
prised,1
prison,5
prisoner,2
privacy,1
privilege,2
prize,2
proceed,13
proceeding,1
process,3
procession,1
proclaim,2
prod,6
prodigious,4
prodigiously,2
produce,5
professional,1
proffer,4
proffered,1
profit,2
profusely,1
progeny,2
prognathous,1
programme,1
progress,3
project,2
projectile,1
prolonged,1
prominent,1
promise,1
prompt,1
prompting,3
promptly,3
prone,4
pronounce,1
pronounced,2
prop,2
properly,1
property,9
proportion,1
proposition,1
prospect,3
prosperous,2
protect,7
protection,16
protective,3
protest,4
protract,1
protracted,1
protrude,1
protruded,1
proud,1
prove,2
proved,1
province,1
prowess,3
prowl,3
pry,3
ptarmigan,25
public,2
pudgy,1
pull,16
pullin,1
pulpy,1
pulsate,1
pulseless,1
punctiliously,1
puniness,2
punish,5
punishment,20
puny,2
puppet,1
puppy,40
puppyhood,9
puppyish,2
puppyishly,1
purpose,8
purposed,1
pursue,8
pursuer,8
pursuit,11
push,3
pushin,1
put,26
puzzle,4
puzzled,2
quail,2
qualify,2
quality,8
quandary,1
quarrel,5
quarry,3
quarter,10
quaver,1
queer,2
quentin,2
query,2
quest,7
questing,1
question,5
questioner,1
questioningly,1
quick,18
quicken,1
quicker,1
quickly,27
quickness,4
quiet,13
quietly,5
quietude,2
quill,9
quinine,1
quit,2
quite,22
quiver,1
quivering,2
quizzical,1
ra,1
raa,1
rabbit,19
race,2
rack,1
racket,1
racking,1
radiant,1
radiate,3
rag,11
rage,22
raging,1
raid,1
rail,3
railing,1
rain,3
raise,3
rake,1
rampant,1
ran,3
rancher,1
range,8
rangin,1
rangy,1
rank,1
rankle,1
rankling,1
rapid,6
rapidly,6
rare,2
rarely,5
rash,1
rasp,3
rate,1
rather,4
rattle,1
ravage,1
ravaged,1
ravenous,1
raw,4
ray,1
re,27
reach,18
read,5
reading,1
ready,15
real,4
realisation,2
realise,5
reality,4
really,4
realm,2
reappear,2
rear,15
reared,1
rearrange,1
reason,19
reasoned,1
reassure,4
reassuring,1
rebuff,1
rebuke,1
recede,1
receipt,1
receive,35
recent,2
reception,1
recess,2
reckon,5
recognise,7
recognition,1
recoil,6
recollect,2
record,1
recover,3
recovery,1
recrudescence,1
recurrent,1
red,8
redden,1
reddish,2
redeem,2
redness,1
redoubtable,1
reduce,2
reel,1
reflection,1
reflux,1
refrain,1
refuge,3
refuse,10
regain,5
regard,13
regret,3
reign,4
reiterate,1
rejoin,3
rejoinder,1
relate,1
relation,3
relationship,1
relax,5
relaxed,3
release,2
relief,1
relieve,1
relish,1
reluctant,1
reluctantly,2
remain,41
remainder,3
remains,1
remark,4
remarkable,8
remarkably,2
remember,12
remind,3
remnant,2
remote,10
remotely,2
remoteness,1
remoter,1
remould,1
remove,1
remuneration,2
remunerative,1
render,4
renew,1
renewed,1
rent,1
repast,1
repeat,7
repeated,2
repeatedly,4
repel,1
repetition,2
replace,4
replenish,2
replenished,1
replenishing,1
replete,1
reply,7
report,1
represent,2
repress,1
reprisal,1
reproof,2
reprove,1
repulse,1
reputation,2
require,8
requiring,1
rescue,2
resemble,4
resent,13
resentfully,1
resentment,1
reservation,1
reserve,3
reshape,1
reside,1
residence,1
resign,1
resilience,1
resist,5
resolutely,1
respect,5
respectful,5
respectfully,1
respectin,1
respond,4
response,2
responsibility,1
responsible,1
responsive,2
responsively,1
rest,24
restful,1
resting,1
restless,6
restlessly,1
restlessness,1
restrain,1
restraint,5
restrict,3
restriction,4
result,9
resume,4
resurrect,2
retain,1
retaliate,1
retaliation,1
reticence,1
retire,1
retort,2
retreat,17
retrieve,1
return,29
revel,1
revenge,3
reverse,2
revolt,5
revolution,1
revolver,8
reward,3
rhythm,4
rib,4
ribbon,3
rich,1
rid,2
ride,1
rider,1
ridgepole,1
ridiculous,4
ridiculousness,2
rifle,13
right,72
righteous,1
righteously,1
rigid,6
rigidity,1
rigidly,1
rim,4
ring,7
rip,19
ripe,1
ripping,4
ripple,1
rise,37
risk,4
rival,4
rivalry,1
river,17
rivet,1
road,5
roaded,1
roading,1
roam,2
roar,2
rob,8
robe,1
rock,8
rockies,2
rocking,1
rocky,1
rode,1
roll,27
romp,5
roof,5
roofed,1
room,6
roost,2
roostin,1
root,4
rope,14
rosy,1
rotten,1
rough,3
roughly,3
round,12
rounded,1
roundly,1
rouse,5
rout,4
row,5
rub,12
rubbing,1
rubbish,2
rule,6
rumble,3
run,125
runaway,1
runner,4
running,7
rush,55
rushing,1
s,457
sack,1
sacred,2
sacrilege,1
sacrilegious,1
sad,3
saddled,1
sadly,2
sadness,2
safe,6
safer,1
safety,7
sage,1
sah,26
sailor,1
sake,2
sale,2
salient,1
saliva,2
sallied,1
salmon,3
saloon,3
salute,1
same,55
sample,1
san,8
sanction,2
sane,1
sanguinary,1
sanity,1
sank,3
santa,3
sap,2
sapling,9
sarcastically,1
sardanapolis,1
sat,2
satisfaction,8
satisfied,2
satisfy,11
saturate,1
saunter,2
savage,16
savagely,16
savageness,2
savagery,1
save,18
savour,1
saw,62
say,91
sayin,1
scaffold,2
scairt,2
scale,1
scamper,4
scan,1
scant,2
scar,3
scarce,2
scarcely,12
scarlet,1
scarred,2
scatter,4
scattered,2
scene,3
scent,6
scheme,2
school,1
scold,1
scoop,3
scorch,4
score,7
scorn,1
scornful,1
scornfully,1
scott,114
scout,1
scramble,7
scratch,1
scrawny,2
scream,4
screaming,1
screech,3
screen,3
scroll,1
scrutiny,1
scuffle,1
scurry,2
scuttle,1
sea,2
seal,2
sealed,1
search,6
searching,2
season,2
seat,2
seclusion,1
second,26
secrecy,1
secret,3
secretly,1
secure,3
securely,4
security,3
sedately,1
see,77
seek,5
seeker,1
seem,41
seeming,4
segment,2
seize,5
seldom,1
select,1
self,15
sell,1
sellin,1
semblance,1
send,11
sens,5
sensation,4
sensations,1
sense,10
sensitive,1
sensitively,1
sent,1
sentence,6
separate,1
sepulchre,1
series,1
serious,2
seriously,1
serrulated,1
servant,1
serve,13
service,4
set,11
setter,1
settle,8
seven,7
seventeen,2
several,32
severe,6
severely,2
sewn,1
sex,2
shackle,2
shade,1
shadow,13
shake,22
shall,3
shamble,1
shame,4
shamelessly,2
shape,5
share,5
shark,2
sharp,41
sharply,6
sharpness,1
shaven,1
she,267
sheath,1
sheep,4
sheepfold,1
sheer,7
shelter,11
sheltered,3
shelving,1
shet,1
shield,2
shift,8
shifting,1
shin,7
shinin,1
ship,1
shirt,1
shiver,1
shock,2
shone,1
shoot,5
shop,1
shore,3
short,31
shortcoming,1
shorten,1
shorter,3
shortly,2
shortness,1
shot,13
should,19
shoulder,54
shout,9
shove,8
shoving,1
show,25
shower,2
shrank,1
shrewd,4
shrewdly,2
shriek,1
shrill,5
shrillness,1
shrilly,1
shrink,7
shrug,3
shudder,1
shut,7
shy,1
sibilant,1
sic,1
sick,8
sickness,2
side,86
sidelong,1
sidewalk,1
sideways,2
sidewise,4
sidle,1
sierra,10
sigh,2
sight,42
sign,14
signal,1
significance,1
significantly,1
signify,2
silence,23
silent,7
silently,10
similar,5
simple,1
simpler,1
simplicity,2
simply,1
sin,1
since,9
sinew,2
sing,2
singing,2
single,10
sink,18
sir,4
sister,8
sit,38
site,1
sittin,1
situation,6
six,19
sixteen,1
size,8
sizzle,1
skeleton,2
skim,2
skin,9
skinned,1
skull,1
sky,9
skyward,1
slain,2
slam,2
slant,2
slap,2
slash,29
slashed,1
slat,1
slaughter,3
slave,2
sled,66
sleep,42
sleepily,2
sleepin,1
sleeping,2
sleepy,4
sleeve,2
slender,3
slept,3
sleuth,1
slew,1
slid,2
slide,10
sliding,2
slight,3
slightly,5
slim,1
slimy,1
sling,1
slink,6
slinking,1
slip,4
slippery,1
slop,1
slope,4
slow,7
slowly,36
slowness,1
slubberings,1
slum,1
slunk,2
smack,1
small,30
smallness,1
smart,3
smartly,1
smash,9
smashed,1
smashing,3
smell,22
smelt,2
smile,7
smite,1
smith,83
smoke,4
smooth,2
smoothly,4
smote,1
smouldering,1
snake,4
snakelike,1
snap,32
snare,4
snarl,113
snarling,12
snarlings,1
sneak,4
sneeze,2
snicker,1
sniff,12
sniffed,1
sniffle,1
snigger,1
snivel,1
snivelling,1
snore,3
snort,2
snow,73
snowshoe,5
snuggle,7
snuggling,2
so,174
soak,1
soar,4
sob,4
sobbing,1
sober,2
society,7
sody,1
soft,26
soften,4
softer,1
softly,24
soil,3
solemnity,1
solemnly,4
solicitous,1
solid,3
solidity,2
solitary,9
solitude,1
sombre,2
some,52
somebody,3
somehow,8
somersault,1
somethin,3
something,42
sometimes,18
somewhat,3
somewhere,5
somewheres,1
son,9
song,1
soon,6
sooner,3
soothe,5
soothingly,4
sore,4
sorely,1
sorrow,3
sort,5
soul,7
sound,48
sounding,2
soundly,1
sour,5
source,5
south,1
southern,3
southland,12
space,17
spanker,5
spark,1
sparklike,1
sparse,1
spasm,3
spasmodically,4
spat,1
speak,20
special,4
specially,1
specie,2
speck,1
spectacle,2
spectator,1
spectral,1
speculative,1
speech,10
speed,5
spell,2
spend,5
spending,2
sphinx,1
spine,2
spirit,19
spirited,1
spit,3
spite,6
spitting,2
splay,1
splendid,4
split,2
spluttering,1
spoil,1
spoiling,1
spoke,1
spoken,1
spoonful,1
sport,2
spot,2
spout,2
sprang,10
sprawl,10
spread,9
spring,61
sprout,1
spruce,10
sprung,1
spume,1
spunk,1
spur,3
spurn,1
spurt,1
squabble,5
squabbling,1
squall,4
squarely,1
squat,7
squaw,10
squawk,2
squaws,1
squeal,3
squealing,2
squeeze,1
squirrel,15
stable,6
stagger,5
staid,1
staidness,1
stain,1
staircase,3
stairway,1
stake,1
stalk,7
stamp,6
stampede,2
stand,67
standard,1
standing,3
staple,1
star,9
start,37
started,1
startle,2
startled,2
starvation,1
starve,2
state,7
stately,2
stature,2
stay,6
stayin,1
stead,3
steadfastly,1
steadily,3
steadiness,1
steady,3
steal,8
stealthy,1
steam,1
steamboat,5
steamer,9
steel,8
steer,3
step,36
sterner,3
stick,42
stiff,14
stiffen,3
stiffly,1
still,78
stimulant,1
sting,1
stinging,3
stir,8
stock,1
stole,2
stolidly,1
stomach,10
stone,21
stood,4
stoop,8
stop,36
storm,1
stormy,1
story,3
stout,7
stove,2
straddle,2
straight,9
straightaway,1
straighten,4
strain,8
straining,1
strait,1
strange,53
strangely,3
strangeness,1
stranger,7
strangle,1
strap,1
stratagems,1
stray,7
stream,30
street,4
strength,17
strengthen,2
stretch,7
stretched,1
stricken,6
stride,1
strife,1
strike,39
striking,1
strikingly,1
string,5
stringy,2
strip,2
strive,12
strode,2
stroke,10
strong,27
stronger,1
strongly,1
strove,2
struck,2
struggle,28
struggling,1
strung,1
struttings,1
stub,3
stubborn,1
stubbornly,1
study,12
stuff,4
stuffed,1
stumble,3
stumbling,2
stump,4
stunning,1
stupendous,1
stupid,1
stupidly,2
sturdily,1
sturdy,1
subconscious,2
subconsciously,1
subdue,1
subject,1
submission,6
submissively,1
submit,5
subsequent,1
substance,3
subtle,3
succeed,9
success,1
successful,3
successfully,1
succession,4
such,70
suck,2
sudden,8
suddenly,28
suddenness,2
suffer,10
suffering,1
sufficient,7
sufficiently,1
suffocation,1
suggest,1
suggestion,4
suicide,1
suit,2
suitable,1
suitor,1
sullen,1
sullenly,1
sum,4
summer,9
summit,1
sun,22
sunburnt,1
sundry,1
sunless,1
sunshine,5
superfluous,1
superior,9
superiority,3
supper,4
supply,5
support,1
suppose,1
suppress,5
surcease,2
surcharge,1
sure,19
surely,1
surface,12
surge,16
surgeon,5
surly,1
surmise,1
surprise,17
surprised,3
surrender,4
surround,6
surroundings,1
survey,4
survive,7
susceptibility,1
susceptible,1
suspect,2
suspend,2
suspension,1
suspicion,5
suspicious,9
suspiciously,7
sustain,1
sustenance,2
swain,1
swallow,6
swam,2
swarming,1
sway,4
swayed,1
swear,3
sweep,4
sweet,1
sweeten,1
sweetness,1
swell,1
swerve,1
swift,7
swifter,4
swiftly,12
swiftness,8
swim,3
swindle,1
swing,4
swinging,1
swoggled,2
swoop,1
swore,1
swung,4
symbolise,1
sympathetic,1
sympathise,1
sympathy,2
synonymous,1
t,95
table,7
taboo,1
tackle,1
tactic,1
tag,1
tail,30
take,108
tale,2
talk,23
talkin,1
tall,1
taller,1
tallow,5
talon,2
tame,7
tan,3
tangible,2
tangle,3
tap,3
tarpaulin,1
task,7
tassel,1
taste,9
taut,2
tawny,1
teach,3
team,23
tear,13
tease,1
teeter,1
teeth,110
telegraph,2
telephone,2
tell,32
tellin,1
telling,1
temerity,1
temper,10
temperature,1
temporarily,1
temporary,1
ten,7
tenacity,3
tend,3
tended,1
tendency,1
tender,10
tenderness,1
tendril,1
tense,5
tensely,1
tenseness,1
tentatively,4
tenure,1
tepee,23
term,5
terrible,31
terribly,8
terrific,1
territory,1
terror,21
texture,1
than,122
that,874
thaw,1
the,5179
their,188
theirs,9
them,256
themselves,31
then,186
thenceforth,1
there,283
thereafter,3
thereby,2
therefore,8
therefrom,1
these,53
they,370
thick,3
thicket,10
thickly,1
thief,5
thieve,1
thieving,1
thigh,2
thin,4
thing,138
think,30
thinkin,6
thinking,1
third,13
thirst,3
thirty,5
this,293
thither,1
thong,14
thoroughbred,1
thoroughly,7
those,13
thou,1
though,63
thought,10
thousand,12
thrash,4
thrashing,1
threat,2
threaten,7
threatening,1
threateningly,5
three,44
thresh,1
thrill,7
throat,54
throated,1
throe,1
throng,1
throttle,2
through,77
throughout,1
throw,14
throwers,2
throwing,2
thrust,21
thumb,6
thunder,2
thunderbolt,1
thus,28
thy,2
tickle,2
tickling,1
tide,1
tie,25
tight,7
tighten,3
tightly,3
till,14
tilt,2
tim,8
timber,1
time,226
timid,1
timidity,1
tiny,7
tip,4
tire,4
tired,2
tireless,2
to,1759
toboggan,2
toddle,1
toddler,1
toe,2
together,33
toil,12
toilet,1
toiling,1
token,4
tolerance,1
tolerate,7
toll,1
tomb,1
tone,2
tongue,20
too,90
tooth,1
toothed,1
top,13
topmost,1
topple,1
tore,4
torment,5
tormentor,1
torn,7
tornado,1
toss,7
totally,1
totter,1
tottering,1
touch,30
tough,1
toward,43
towards,4
tower,4
towering,1
town,8
toy,1
trace,7
track,12
trade,2
trading,2
tragedy,3
trail,53
train,3
trained,1
trainer,1
training,3
trait,3
trample,1
transform,4
transformation,1
transgression,1
transport,2
trap,8
travel,13
travelling,1
traverse,2
treachery,2
tread,4
treat,5
treatment,3
tree,43
tremble,6
tremblingly,1
tremendous,5
tremendously,1
tremor,1
trial,1
tribe,2
tribespeople,1
trick,14
trickery,1
trickle,1
tried,1
trifle,2
trim,1
trimmed,1
trip,8
triple,1
triply,1
triumph,2
triumphant,1
triumphantly,3
trod,1
trot,25
trouble,20
trough,1
trouser,1
truck,1
true,16
truly,1
trunk,8
trust,2
truth,2
try,54
tube,1
tucker,1
tuft,3
tug,6
tumble,4
turkeys,1
turn,87
turning,3
tussle,1
tutelage,1
twas,1
twelve,1
twenty,7
twice,7
twig,2
twilight,3
twist,2
twisted,2
twisting,1
twitch,1
two,75
tying,1
tyranny,1
tyrant,1
u,11
ubiquitous,1
ulterior,1
ultimately,2
um,3
unable,4
unaccountable,3
unaccustomed,1
unafraid,3
unaided,1
unalterable,1
unappeased,1
unaware,2
unawed,1
unbearable,1
unbeautiful,1
unbroken,3
unceasing,1
unceasingly,4
unceremoniously,1
uncharted,1
unclassified,1
uncomfortable,1
uncomforting,1
uncompanionable,2
uncompromisingly,1
unconnected,1
unconscious,1
unconsciously,1
uncover,1
undecided,1
undemonstrative,1
under,54
underbrush,3
undercloths,1
undergo,1
undergone,1
underneath,3
undershirt,1
underside,2
understand,21
understepped,1
understood,2
undertake,1
undertaker,1
undertaking,2
underwashed,1
undeviating,1
undue,2
undulating,1
unduly,2
uneasy,1
unending,6
unescapable,1
unexpected,5
unexpectedly,2
unexpectedness,1
unfairly,1
unfairness,1
unfamiliarity,1
ungainly,2
unguarded,1
unguessed,3
unhappy,1
unharmed,1
unharness,1
unhealth,1
unhitched,1
unholy,1
uniformly,1
uninjured,1
unison,1
universe,2
unknown,32
unlace,1
unless,2
unlike,5
unlovable,1
unloving,2
unmistakable,2
unmolested,1
unmoving,1
unnaturally,1
unnerve,1
unobserved,1
unpardonable,1
unpractised,1
unprecedented,4
unreal,2
unremitting,1
unrest,5
unroll,4
unrolled,1
unruly,1
unsatisfied,1
unscathed,3
unseat,1
unseen,5
unsnapped,1
unstable,1
unsubdued,1
unsuspecting,1
untamable,1
unthinkable,2
until,45
unto,1
untold,1
untouched,2
untroublesome,1
unusual,4
unusually,5
unversed,1
unwitting,1
unwonted,3
unworthy,1
unyielding,1
up,194
upland,1
upon,222
upper,1
uppermost,1
uprearing,1
upright,2
uproar,5
uproarious,1
uproariously,1
upset,1
upside,1
upstanding,1
upturned,1
upward,9
urge,15
use,14
useless,1
usual,4
usually,8
utilise,1
utmost,1
utter,10
utterance,1
uttered,1
uttermost,1
v,10
vacancy,1
vague,6
vaguely,1
vain,7
vainly,5
valiantly,1
valise,1
valley,9
valour,1
valuable,3
value,8
vanish,2
vanished,1
vanquished,1
vantage,1
vapour,2
variant,1
varied,1
variegate,1
various,3
vary,2
vast,2
vaster,2
vastness,2
ve,26
veer,1
vehemence,1
vein,4
velvet,4
vendetta,2
vengeance,9
vent,1
venture,13
verdict,1
verge,1
verification,1
verify,1
veritable,1
verity,1
very,52
vex,1
vi,4
vial,1
vibrate,1
vibration,1
vicariously,1
vice,1
vicinity,1
vicious,1
viciously,1
viciousness,1
victim,4
victor,2
victory,2
view,4
vigilant,2
vigilantly,2
vigorous,1
vigorously,1
vigour,2
village,24
villan,2
vindicate,2
vindictive,1
vine,1
violate,5
violation,1
violence,2
violent,3
virtue,2
visible,1
vision,15
visit,4
visitor,1
vista,11
vital,1
vitality,2
vivid,1
voice,35
void,4
volcano,1
volition,2
volubly,1
voluntarily,2
voracious,1
vouchsafe,2
vouchsafed,1
vulnerable,2
wabisca,1
waddle,1
wag,10
wager,1
wagging,1
waggon,1
wail,8
wailing,3
wait,53
wake,4
waking,1
walk,32
wall,44
wallow,2
walnut,1
wander,3
waning,1
want,15
war,5
warden,1
warder,1
warfare,3
warily,1
warm,18
warmth,3
warn,19
warning,12
warningly,6
warp,1
wary,3
wash,3
washing,1
wasn,1
wastage,1
waste,5
watch,45
watchful,1
watching,1
water,16
watershed,1
waterway,3
wave,8
wax,3
way,135
waylay,2
we,28
weak,22
weaken,3
weaker,1
weakly,2
weakness,9
wealthy,1
weapon,5
wear,3
wearily,1
weariness,1
weary,1
weasel,18
weather,1
wedge,1
weedon,51
week,10
weigh,2
weight,10
welcome,4
well,63
western,1
whack,2
what,110
whatever,9
when,280
whence,1
whenever,7
where,45
whereby,2
wherefore,2
wherein,2
whereupon,5
wherever,2
whether,3
which,113
while,108
whim,1
whimper,20
whimpering,6
whimperings,1
whine,9
whining,3
whip,28
whirl,9
whirlwind,1
whisky,1
whisper,5
whistle,7
white,642
who,80
whole,26
wholly,1
whom,5
whoop,2
whose,13
why,12
wicked,2
wickedly,1
wickedness,1
wide,22
widely,1
widen,2
widening,1
wider,2
wield,2
wife,7
wild,76
wildly,2
will,32
willin,2
willing,1
willingly,1
willingness,2
willy,1
wilt,4
wilting,1
win,15
wince,2
wind,5
window,2
windowed,1
wing,8
winged,1
winter,6
wipe,1
wire,1
wisdom,8
wise,18
wisely,1
wiser,2
wish,2
wishin,2
wisht,8
wistful,2
wistfully,5
wistfulness,9
with,641
withal,2
withdraw,4
withdrawal,1
withdrawn,1
withhold,2
within,18
without,55
witted,1
woe,5
wolf,224
wolfish,4
wolverine,2
wolves,1
woman,18
wonder,9
wonderful,2
wont,2
woo,1
wood,30
wooden,1
woodpecker,2
woodpile,1
woof,1
word,20
wordy,1
work,45
worker,1
world,58
worn,1
worried,1
worry,4
worship,1
worth,4
worthless,2
worthy,1
would,150
wouldn,7
wound,6
wounded,1
woven,2
wraith,1
wrangle,1
wrap,1
wrath,14
wrathful,4
wrathfully,3
wreak,6
wreck,1
wreckage,1
wrench,3
wrinkle,3
wrinkling,1
wrist,1
write,7
writhe,5
wrong,8
wrought,1
wuth,1
x,1
yard,12
yawn,3
ye,6
year,27
yearling,1
yearn,3
yearning,3
yell,3
yelling,1
yellow,8
yelp,22
yelpin,1
yelping,2
yes,9
yet,72
yi,9
yield,9
yielding,2
you,178
young,48
younger,1
your,23
yourn,1
yours,1
yourself,5
youth,5
yu,1
yukon,12
